Workbook

Sheet Test Suite Summary
A1: E2E MOBILE APP FUNCTIONALITY TEST SUITE (APPIUM)
A4: Mobile App Test Environment Metadata | D4: Appium Mobile Execution Metrics
A5: Application Name: | B5: SNSOC Smart Security Mobile App | D5: Metric Parameter | E5: Count / Formula Value | F5: % of Total
A6: Test Scope: | B6: Mobile Frontend E2E Functionality & Security | D6: Total Mobile Test Cases | E6: =COUNTA('Test Case Details'!A2:A316) | F6: 100.0%
A7: Automation Tool Stack: | B7: Appium v2.5 (UiAutomator2 / XCUITest) | D7: Automated Test Cases (Appium) | E7: =COUNTIF('Test Case Details'!H2:H316, "Automated (Appium)") | F7: =COUNTIF('Test Case Details'!H2:H316, "Automated (Appium)")/COUNTA('Test Case Details'!A2:A316)
A8: Total Mobile Test Cases: | B8: 315 Test Scenarios | D8: Manual Device Test Cases | E8: =COUNTIF('Test Case Details'!H2:H316, "Manual") | F8: =COUNTIF('Test Case Details'!H2:H316, "Manual")/COUNTA('Test Case Details'!A2:A316)
A9: Mobile OS Target: | B9: Android (10 - 14) & iOS (15.0 - 17.2) | D9: Total Passed Mobile Tests | E9: =COUNTIF('Test Case Details'!K2:K316, "PASSED") + COUNTIF('Test Case Details'!K2:K316, "AUTOMATED") | F9: =(COUNTIF('Test Case Details'!K2:K316, "PASSED") + COUNTIF('Test Case Details'!K2:K316, "AUTOMATED"))/COUNTA('Test Case Details'!A2:A316)
A10: Appium Driver Host: | B10: 127.0.0.1:4723 / Remote Grid | D10: Total Failed Mobile Tests | E10: =COUNTIF('Test Case Details'!K2:K316, "FAILED") | F10: =COUNTIF('Test Case Details'!K2:K316, "FAILED")/COUNTA('Test Case Details'!A2:A316)
A11: Generated Date: | B11: 2026-08-10 | D11: Pending Review Tests | E11: =COUNTIF('Test Case Details'!K2:K316, "PENDING") | F11: =COUNTIF('Test Case Details'!K2:K316, "PENDING")/COUNTA('Test Case Details'!A2:A316)
A12: Execution Status: | B12: Suite Completed & Verified
A14: Appium Test Cases Breakdown by Category
A15: Category / Feature Area | B15: Total Cases | C15: Automated | D15: Manual | E15: Passed | F15: Failed | G15: Pending | H15: Pass Rate %
A16: 1. Authentication & Passcode Setup | B16: =COUNTIF('Test Case Details'!B2:B316, "*Authentication & Passcode Setup*") | C16: =COUNTIFS('Test Case Details'!B2:B316, "*Authentication & Passcode Setup*", 'Test Case Details'!H2:H316, "Automated (Appium)") | D16: =COUNTIFS('Test Case Details'!B2:B316, "*Authentication & Passcode Setup*", 'Test Case Details'!H2:H316, "Manual") | E16: =COUNTIFS('Test Case Details'!B2:B316, "*Authentication & Passcode Setup*", 'Test Case Details'!K2:K316, "PASSED") + COUNTIFS('Test Case Details'!B2:B316, "*Authentication & Passcode Setup*", 'Test Case Details'!K2:K316, "AUTOMATED") | F16: =COUNTIFS('Test Case Details'!B2:B316, "*Authentication & Passcode Setup*", 'Test Case Details'!K2:K316, "FAILED") | G16: =COUNTIFS('Test Case Details'!B2:B316, "*Authentication & Passcode Setup*", 'Test Case Details'!K2:K316, "PENDING") | H16: =IF(B16>0, E16/B16, 0)
A17: 2. Telemetry & Live Traffic View | B17: =COUNTIF('Test Case Details'!B2:B316, "*Telemetry & Live Traffic View*") | C17: =COUNTIFS('Test Case Details'!B2:B316, "*Telemetry & Live Traffic View*", 'Test Case Details'!H2:H316, "Automated (Appium)") | D17: =COUNTIFS('Test Case Details'!B2:B316, "*Telemetry & Live Traffic View*", 'Test Case Details'!H2:H316, "Manual") | E17: =COUNTIFS('Test Case Details'!B2:B316, "*Telemetry & Live Traffic View*", 'Test Case Details'!K2:K316, "PASSED") + COUNTIFS('Test Case Details'!B2:B316, "*Telemetry & Live Traffic View*", 'Test Case Details'!K2:K316, "AUTOMATED") | F17: =COUNTIFS('Test Case Details'!B2:B316, "*Telemetry & Live Traffic View*", 'Test Case Details'!K2:K316, "FAILED") | G17: =COUNTIFS('Test Case Details'!B2:B316, "*Telemetry & Live Traffic View*", 'Test Case Details'!K2:K316, "PENDING") | H17: =IF(B17>0, E17/B17, 0)
A18: 3. Intel Lookup & Threat Score Gauge | B18: =COUNTIF('Test Case Details'!B2:B316, "*Intel Lookup & Threat Score Gauge*") | C18: =COUNTIFS('Test Case Details'!B2:B316, "*Intel Lookup & Threat Score Gauge*", 'Test Case Details'!H2:H316, "Automated (Appium)") | D18: =COUNTIFS('Test Case Details'!B2:B316, "*Intel Lookup & Threat Score Gauge*", 'Test Case Details'!H2:H316, "Manual") | E18: =COUNTIFS('Test Case Details'!B2:B316, "*Intel Lookup & Threat Score Gauge*", 'Test Case Details'!K2:K316, "PASSED") + COUNTIFS('Test Case Details'!B2:B316, "*Intel Lookup & Threat Score Gauge*", 'Test Case Details'!K2:K316, "AUTOMATED") | F18: =COUNTIFS('Test Case Details'!B2:B316, "*Intel Lookup & Threat Score Gauge*", 'Test Case Details'!K2:K316, "FAILED") | G18: =COUNTIFS('Test Case Details'!B2:B316, "*Intel Lookup & Threat Score Gauge*", 'Test Case Details'!K2:K316, "PENDING") | H18: =IF(B18>0, E18/B18, 0)
A19: 4. Stadium Zone Switcher & Filters | B19: =COUNTIF('Test Case Details'!B2:B316, "*Stadium Zone Switcher & Filters*") | C19: =COUNTIFS('Test Case Details'!B2:B316, "*Stadium Zone Switcher & Filters*", 'Test Case Details'!H2:H316, "Automated (Appium)") | D19: =COUNTIFS('Test Case Details'!B2:B316, "*Stadium Zone Switcher & Filters*", 'Test Case Details'!H2:H316, "Manual") | E19: =COUNTIFS('Test Case Details'!B2:B316, "*Stadium Zone Switcher & Filters*", 'Test Case Details'!K2:K316, "PASSED") + COUNTIFS('Test Case Details'!B2:B316, "*Stadium Zone Switcher & Filters*", 'Test Case Details'!K2:K316, "AUTOMATED") | F19: =COUNTIFS('Test Case Details'!B2:B316, "*Stadium Zone Switcher & Filters*", 'Test Case Details'!K2:K316, "FAILED") | G19: =COUNTIFS('Test Case Details'!B2:B316, "*Stadium Zone Switcher & Filters*", 'Test Case Details'!K2:K316, "PENDING") | H19: =IF(B19>0, E19/B19, 0)
A20: 5. Gesture Navigation & Touch Controls | B20: =COUNTIF('Test Case Details'!B2:B316, "*Gesture Navigation & Touch Controls*") | C20: =COUNTIFS('Test Case Details'!B2:B316, "*Gesture Navigation & Touch Controls*", 'Test Case Details'!H2:H316, "Automated (Appium)") | D20: =COUNTIFS('Test Case Details'!B2:B316, "*Gesture Navigation & Touch Controls*", 'Test Case Details'!H2:H316, "Manual") | E20: =COUNTIFS('Test Case Details'!B2:B316, "*Gesture Navigation & Touch Controls*", 'Test Case Details'!K2:K316, "PASSED") + COUNTIFS('Test Case Details'!B2:B316, "*Gesture Navigation & Touch Controls*", 'Test Case Details'!K2:K316, "AUTOMATED") | F20: =COUNTIFS('Test Case Details'!B2:B316, "*Gesture Navigation & Touch Controls*", 'Test Case Details'!K2:K316, "FAILED") | G20: =COUNTIFS('Test Case Details'!B2:B316, "*Gesture Navigation & Touch Controls*", 'Test Case Details'!K2:K316, "PENDING") | H20: =IF(B20>0, E20/B20, 0)
A21: 6. Offline Mode & Local Cache Sync | B21: =COUNTIF('Test Case Details'!B2:B316, "*Offline Mode & Local Cache Sync*") | C21: =COUNTIFS('Test Case Details'!B2:B316, "*Offline Mode & Local Cache Sync*", 'Test Case Details'!H2:H316, "Automated (Appium)") | D21: =COUNTIFS('Test Case Details'!B2:B316, "*Offline Mode & Local Cache Sync*", 'Test Case Details'!H2:H316, "Manual") | E21: =COUNTIFS('Test Case Details'!B2:B316, "*Offline Mode & Local Cache Sync*", 'Test Case Details'!K2:K316, "PASSED") + COUNTIFS('Test Case Details'!B2:B316, "*Offline Mode & Local Cache Sync*", 'Test Case Details'!K2:K316, "AUTOMATED") | F21: =COUNTIFS('Test Case Details'!B2:B316, "*Offline Mode & Local Cache Sync*", 'Test Case Details'!K2:K316, "FAILED") | G21: =COUNTIFS('Test Case Details'!B2:B316, "*Offline Mode & Local Cache Sync*", 'Test Case Details'!K2:K316, "PENDING") | H21: =IF(B21>0, E21/B21, 0)
A22: 7. Push Notifications & Alert Triggers | B22: =COUNTIF('Test Case Details'!B2:B316, "*Push Notifications & Alert Triggers*") | C22: =COUNTIFS('Test Case Details'!B2:B316, "*Push Notifications & Alert Triggers*", 'Test Case Details'!H2:H316, "Automated (Appium)") | D22: =COUNTIFS('Test Case Details'!B2:B316, "*Push Notifications & Alert Triggers*", 'Test Case Details'!H2:H316, "Manual") | E22: =COUNTIFS('Test Case Details'!B2:B316, "*Push Notifications & Alert Triggers*", 'Test Case Details'!K2:K316, "PASSED") + COUNTIFS('Test Case Details'!B2:B316, "*Push Notifications & Alert Triggers*", 'Test Case Details'!K2:K316, "AUTOMATED") | F22: =COUNTIFS('Test Case Details'!B2:B316, "*Push Notifications & Alert Triggers*", 'Test Case Details'!K2:K316, "FAILED") | G22: =COUNTIFS('Test Case Details'!B2:B316, "*Push Notifications & Alert Triggers*", 'Test Case Details'!K2:K316, "PENDING") | H22: =IF(B22>0, E22/B22, 0)
A23: 8. Low Data Mode & Bandwidth Usage | B23: =COUNTIF('Test Case Details'!B2:B316, "*Low Data Mode & Bandwidth Usage*") | C23: =COUNTIFS('Test Case Details'!B2:B316, "*Low Data Mode & Bandwidth Usage*", 'Test Case Details'!H2:H316, "Automated (Appium)") | D23: =COUNTIFS('Test Case Details'!B2:B316, "*Low Data Mode & Bandwidth Usage*", 'Test Case Details'!H2:H316, "Manual") | E23: =COUNTIFS('Test Case Details'!B2:B316, "*Low Data Mode & Bandwidth Usage*", 'Test Case Details'!K2:K316, "PASSED") + COUNTIFS('Test Case Details'!B2:B316, "*Low Data Mode & Bandwidth Usage*", 'Test Case Details'!K2:K316, "AUTOMATED") | F23: =COUNTIFS('Test Case Details'!B2:B316, "*Low Data Mode & Bandwidth Usage*", 'Test Case Details'!K2:K316, "FAILED") | G23: =COUNTIFS('Test Case Details'!B2:B316, "*Low Data Mode & Bandwidth Usage*", 'Test Case Details'!K2:K316, "PENDING") | H23: =IF(B23>0, E23/B23, 0)
A24: 9. Biometric Unlock & OS Permissions | B24: =COUNTIF('Test Case Details'!B2:B316, "*Biometric Unlock & OS Permissions*") | C24: =COUNTIFS('Test Case Details'!B2:B316, "*Biometric Unlock & OS Permissions*", 'Test Case Details'!H2:H316, "Automated (Appium)") | D24: =COUNTIFS('Test Case Details'!B2:B316, "*Biometric Unlock & OS Permissions*", 'Test Case Details'!H2:H316, "Manual") | E24: =COUNTIFS('Test Case Details'!B2:B316, "*Biometric Unlock & OS Permissions*", 'Test Case Details'!K2:K316, "PASSED") + COUNTIFS('Test Case Details'!B2:B316, "*Biometric Unlock & OS Permissions*", 'Test Case Details'!K2:K316, "AUTOMATED") | F24: =COUNTIFS('Test Case Details'!B2:B316, "*Biometric Unlock & OS Permissions*", 'Test Case Details'!K2:K316, "FAILED") | G24: =COUNTIFS('Test Case Details'!B2:B316, "*Biometric Unlock & OS Permissions*", 'Test Case Details'!K2:K316, "PENDING") | H24: =IF(B24>0, E24/B24, 0)
A25: 10. Mobile UI Layout & Dark Mode | B25: =COUNTIF('Test Case Details'!B2:B316, "* Mobile UI Layout & Dark Mode*") | C25: =COUNTIFS('Test Case Details'!B2:B316, "* Mobile UI Layout & Dark Mode*", 'Test Case Details'!H2:H316, "Automated (Appium)") | D25: =COUNTIFS('Test Case Details'!B2:B316, "* Mobile UI Layout & Dark Mode*", 'Test Case Details'!H2:H316, "Manual") | E25: =COUNTIFS('Test Case Details'!B2:B316, "* Mobile UI Layout & Dark Mode*", 'Test Case Details'!K2:K316, "PASSED") + COUNTIFS('Test Case Details'!B2:B316, "* Mobile UI Layout & Dark Mode*", 'Test Case Details'!K2:K316, "AUTOMATED") | F25: =COUNTIFS('Test Case Details'!B2:B316, "* Mobile UI Layout & Dark Mode*", 'Test Case Details'!K2:K316, "FAILED") | G25: =COUNTIFS('Test Case Details'!B2:B316, "* Mobile UI Layout & Dark Mode*", 'Test Case Details'!K2:K316, "PENDING") | H25: =IF(B25>0, E25/B25, 0)
A26: 11. Battery Optimization & App Lifecycle | B26: =COUNTIF('Test Case Details'!B2:B316, "* Battery Optimization & App Lifecycle*") | C26: =COUNTIFS('Test Case Details'!B2:B316, "* Battery Optimization & App Lifecycle*", 'Test Case Details'!H2:H316, "Automated (Appium)") | D26: =COUNTIFS('Test Case Details'!B2:B316, "* Battery Optimization & App Lifecycle*", 'Test Case Details'!H2:H316, "Manual") | E26: =COUNTIFS('Test Case Details'!B2:B316, "* Battery Optimization & App Lifecycle*", 'Test Case Details'!K2:K316, "PASSED") + COUNTIFS('Test Case Details'!B2:B316, "* Battery Optimization & App Lifecycle*", 'Test Case Details'!K2:K316, "AUTOMATED") | F26: =COUNTIFS('Test Case Details'!B2:B316, "* Battery Optimization & App Lifecycle*", 'Test Case Details'!K2:K316, "FAILED") | G26: =COUNTIFS('Test Case Details'!B2:B316, "* Battery Optimization & App Lifecycle*", 'Test Case Details'!K2:K316, "PENDING") | H26: =IF(B26>0, E26/B26, 0)
A27: 12. Cross-Device Android & iOS Matrix | B27: =COUNTIF('Test Case Details'!B2:B316, "* Cross-Device Android & iOS Matrix*") | C27: =COUNTIFS('Test Case Details'!B2:B316, "* Cross-Device Android & iOS Matrix*", 'Test Case Details'!H2:H316, "Automated (Appium)") | D27: =COUNTIFS('Test Case Details'!B2:B316, "* Cross-Device Android & iOS Matrix*", 'Test Case Details'!H2:H316, "Manual") | E27: =COUNTIFS('Test Case Details'!B2:B316, "* Cross-Device Android & iOS Matrix*", 'Test Case Details'!K2:K316, "PASSED") + COUNTIFS('Test Case Details'!B2:B316, "* Cross-Device Android & iOS Matrix*", 'Test Case Details'!K2:K316, "AUTOMATED") | F27: =COUNTIFS('Test Case Details'!B2:B316, "* Cross-Device Android & iOS Matrix*", 'Test Case Details'!K2:K316, "FAILED") | G27: =COUNTIFS('Test Case Details'!B2:B316, "* Cross-Device Android & iOS Matrix*", 'Test Case Details'!K2:K316, "PENDING") | H27: =IF(B27>0, E27/B27, 0)
A28: 13. Network Failover & Server Resilience | B28: =COUNTIF('Test Case Details'!B2:B316, "* Network Failover & Server Resilience*") | C28: =COUNTIFS('Test Case Details'!B2:B316, "* Network Failover & Server Resilience*", 'Test Case Details'!H2:H316, "Automated (Appium)") | D28: =COUNTIFS('Test Case Details'!B2:B316, "* Network Failover & Server Resilience*", 'Test Case Details'!H2:H316, "Manual") | E28: =COUNTIFS('Test Case Details'!B2:B316, "* Network Failover & Server Resilience*", 'Test Case Details'!K2:K316, "PASSED") + COUNTIFS('Test Case Details'!B2:B316, "* Network Failover & Server Resilience*", 'Test Case Details'!K2:K316, "AUTOMATED") | F28: =COUNTIFS('Test Case Details'!B2:B316, "* Network Failover & Server Resilience*", 'Test Case Details'!K2:K316, "FAILED") | G28: =COUNTIFS('Test Case Details'!B2:B316, "* Network Failover & Server Resilience*", 'Test Case Details'!K2:K316, "PENDING") | H28: =IF(B28>0, E28/B28, 0)
A29: TOTAL APPIUM SUMMARY | B29: =SUM(B16:B28) | C29: =SUM(C16:C28) | D29: =SUM(D16:D28) | E29: =SUM(E16:E28) | F29: =SUM(F16:F28) | G29: =SUM(G16:G28) | H29: =IF(B29>0, E29/B29, 0)

Sheet Test Case Details
A1: Test Case ID | B1: Category / Feature Area | C1: Test Case Title & Description | D1: Pre-Conditions | E1: Test Execution Steps (Appium) | F1: Test Data / Input Payload | G1: Expected Result | H1: Execution Type | I1: Priority | J1: Severity | K1: Status
A2: TC_APP_001 | B2: Authentication & Passcode Setup | C2: Verify mobile operator passcode unlock with PIN '0001' (Test #1) | D2: Mobile app installed, passcode entry screen active | E2: 1. Launch App via Appium driver 2. Tap keypad buttons '0001' 3. Tap Submit button 4. Verify navigation to Dashboard screen | F2: Passcode=0001 | G2: Passcode accepted; app unlocks operator portal and transitions to Dashboard. | H2: Automated (Appium) | I2: P1 | J2: High | K2: PASSED
A3: TC_APP_002 | B3: Authentication & Passcode Setup | C3: Verify mobile operator passcode unlock with PIN '0002' (Test #2) | D3: Mobile app installed, passcode entry screen active | E3: 1. Launch App via Appium driver 2. Tap keypad buttons '0002' 3. Tap Submit button 4. Verify navigation to Dashboard screen | F3: Passcode=0002 | G3: Passcode accepted; app unlocks operator portal and transitions to Dashboard. | H3: Automated (Appium) | I3: P1 | J3: High | K3: PASSED
A4: TC_APP_003 | B4: Authentication & Passcode Setup | C4: Verify mobile operator passcode unlock with PIN '0003' (Test #3) | D4: Mobile app installed, passcode entry screen active | E4: 1. Launch App via Appium driver 2. Tap keypad buttons '0003' 3. Tap Submit button 4. Verify navigation to Dashboard screen | F4: Passcode=0003 | G4: Passcode accepted; app unlocks operator portal and transitions to Dashboard. | H4: Automated (Appium) | I4: P1 | J4: High | K4: PASSED
A5: TC_APP_004 | B5: Authentication & Passcode Setup | C5: Verify mobile operator passcode unlock with PIN '0004' (Test #4) | D5: Mobile app installed, passcode entry screen active | E5: 1. Launch App via Appium driver 2. Tap keypad buttons '0004' 3. Tap Submit button 4. Verify navigation to Dashboard screen | F5: Passcode=0004 | G5: Passcode accepted; app unlocks operator portal and transitions to Dashboard. | H5: Automated (Appium) | I5: P1 | J5: High | K5: PASSED
A6: TC_APP_005 | B6: Authentication & Passcode Setup | C6: Verify mobile operator passcode unlock with PIN '0005' (Test #5) | D6: Mobile app installed, passcode entry screen active | E6: 1. Launch App via Appium driver 2. Tap keypad buttons '0005' 3. Tap Submit button 4. Verify navigation to Dashboard screen | F6: Passcode=0005 | G6: Passcode accepted; app unlocks operator portal and transitions to Dashboard. | H6: Automated (Appium) | I6: P1 | J6: High | K6: PASSED
A7: TC_APP_006 | B7: Authentication & Passcode Setup | C7: Verify mobile operator passcode unlock with PIN '0006' (Test #6) | D7: Mobile app installed, passcode entry screen active | E7: 1. Launch App via Appium driver 2. Tap keypad buttons '0006' 3. Tap Submit button 4. Verify navigation to Dashboard screen | F7: Passcode=0006 | G7: Passcode accepted; app unlocks operator portal and transitions to Dashboard. | H7: Automated (Appium) | I7: P1 | J7: High | K7: PASSED
A8: TC_APP_007 | B8: Authentication & Passcode Setup | C8: Verify mobile operator passcode unlock with PIN '0007' (Test #7) | D8: Mobile app installed, passcode entry screen active | E8: 1. Launch App via Appium driver 2. Tap keypad buttons '0007' 3. Tap Submit button 4. Verify navigation to Dashboard screen | F8: Passcode=0007 | G8: Passcode accepted; app unlocks operator portal and transitions to Dashboard. | H8: Automated (Appium) | I8: P1 | J8: High | K8: PASSED
A9: TC_APP_008 | B9: Authentication & Passcode Setup | C9: Verify mobile operator passcode unlock with PIN '0008' (Test #8) | D9: Mobile app installed, passcode entry screen active | E9: 1. Launch App via Appium driver 2. Tap keypad buttons '0008' 3. Tap Submit button 4. Verify navigation to Dashboard screen | F9: Passcode=0008 | G9: Passcode accepted; app unlocks operator portal and transitions to Dashboard. | H9: Automated (Appium) | I9: P1 | J9: High | K9: PASSED
A10: TC_APP_009 | B10: Authentication & Passcode Setup | C10: Verify mobile operator passcode unlock with PIN '0009' (Test #9) | D10: Mobile app installed, passcode entry screen active | E10: 1. Launch App via Appium driver 2. Tap keypad buttons '0009' 3. Tap Submit button 4. Verify navigation to Dashboard screen | F10: Passcode=0009 | G10: Passcode accepted; app unlocks operator portal and transitions to Dashboard. | H10: Automated (Appium) | I10: P1 | J10: High | K10: PASSED
A11: TC_APP_010 | B11: Authentication & Passcode Setup | C11: Verify mobile operator passcode unlock with PIN '0010' (Test #10) | D11: Mobile app installed, passcode entry screen active | E11: 1. Launch App via Appium driver 2. Tap keypad buttons '0010' 3. Tap Submit button 4. Verify navigation to Dashboard screen | F11: Passcode=0010 | G11: Passcode accepted; app unlocks operator portal and transitions to Dashboard. | H11: Automated (Appium) | I11: P1 | J11: High | K11: PASSED
A12: TC_APP_011 | B12: Authentication & Passcode Setup | C12: Verify mobile operator passcode unlock with PIN '0011' (Test #11) | D12: Mobile app installed, passcode entry screen active | E12: 1. Launch App via Appium driver 2. Tap keypad buttons '0011' 3. Tap Submit button 4. Verify navigation to Dashboard screen | F12: Passcode=0011 | G12: Passcode accepted; app unlocks operator portal and transitions to Dashboard. | H12: Automated (Appium) | I12: P2 | J12: High | K12: PASSED
... A311: TC_APP_310 | B311: Network Failover & Server Resilience | C311: Verify mobile app handling of network drop / latency spike #25 | D311: Network latency proxy configured | E311: 1. Inject 3000ms latency into mobile API requests 2. Trigger threat lookup in app 3. Verify loading spinner and retry option display | F311: Latency=3000ms, Scenario_Index=25 | G311: App displays loading indicator without crashing and presents user retry button on connection timeout. | H311: Automated (Appium) | I311: P2 | J311: High | K311: AUTOMATED
